type	url	detail
trop_long	https://www.rts.ch/info/sciences-tech/8909231-arrivee-d-un-ravageur-du-mais-la-chrysomele-dans-le-canton-de-vaud.htmlwww.agroscope.admin.ch/agroscope/fr/home/themes/production-vegetale/protection-vegetaux/service-phytosanitaire-agros-cope/quarantaeneorganismen/chrysomele-des-racines-du-maïs.html	chemin trop long (268 > 240): data/www.rts.ch/info/sciences-tech/8909231-arrivee-d-un-ravageur-du-mais-la-chrysomele-dans-le-canton-de-vaud.htmlwww.agroscope.admin.ch/agroscope/fr/home/themes/production-vegetale/protection-vegetaux/service-phytosanitaire-agros-cope/quarantaeneorganismen
trop_long	https://www.rts.ch/play/radio/forum/audio/christophe-darbellay-on-a-ete-incapable-de-collaborer-au-centre-mais-nous-allons-discuter-pour-voir-dans-quelle-mesure-on-peut-donner-au-centre-un-corps--sinon-il-faudra-assumer-les-consequences/	chemin trop long (244 > 240): data/www.rts.ch/play/radio/forum/audio/christophe-darbellay-on-a-ete-incapable-de-collaborer-au-centre-mais-nous-allons-discuter-pour-voir-dans-quelle-mesure-on-peut-donner-au-centre-un-corps--sinon-il-faudra-assumer-les-consequences
trop_long	https://www.rts.ch/play/tv/12h45/video/avant-son-arrivee-en-france-pour-les-commemorations-de-la-fin-de-la-premiere-guerre-mondiale-donald-trump-a-mis-la-pression-sur-ses-partenaires-europeens--en-cause-un-tweet-polemique-destine-a-son-hote-emmanuel-macron-/	chemin trop long (265 > 240): data/www.rts.ch/play/tv/12h45/video/avant-son-arrivee-en-france-pour-les-commemorations-de-la-fin-de-la-premiere-guerre-mondiale-donald-trump-a-mis-la-pression-sur-ses-partenaires-europeens--en-cause-un-tweet-polemique-destine-a-son-hote-emmanuel-macron-
trop_long	https://www.rts.ch/play/tv/12h45/video/face-au-coronavirus-geneve-booste-ses-amenagements-cyclables-afin-dencourager-la-mobilite-douce--une-initiative-soutenue-par-david-raedler-president-de-lassociation-transports-et-environnement-vaud-/	chemin trop long (245 > 240): data/www.rts.ch/play/tv/12h45/video/face-au-coronavirus-geneve-booste-ses-amenagements-cyclables-afin-dencourager-la-mobilite-douce--une-initiative-soutenue-par-david-raedler-president-de-lassociation-transports-et-environnement-vaud-
trop_long	https://www.rts.ch/play/tv/12h45/video/lassociation-nuit-blanche-qui-lutte-contre-les-risques-lies-a-la-drogue-en-milieu-festif-offrira-un-service-danalyses-des-stupefiants--les-eclairages-de-roxane-megevand-coordinatrice-de-nuit-blanche-/	chemin trop long (246 > 240): data/www.rts.ch/play/tv/12h45/video/lassociation-nuit-blanche-qui-lutte-contre-les-risques-lies-a-la-drogue-en-milieu-festif-offrira-un-service-danalyses-des-stupefiants--les-eclairages-de-roxane-megevand-coordinatrice-de-nuit-blanche-
trop_long	https://www.rts.ch/play/tv/12h45/video/ne-une-commission-recommande-au-grand-conseil-neuchatelois-de-lever-limmunite-de-lancien-conseiller-detat-frederic-hainard-contre-lequel-courent-plusieurs-plaintes-penales-les-explications-de-jean-charles-legrix-president-de-la-commission-immunite-du-grand-conseil-ne/	chemin trop long (314 > 240): data/www.rts.ch/play/tv/12h45/video/ne-une-commission-recommande-au-grand-conseil-neuchatelois-de-lever-limmunite-de-lancien-conseiller-detat-frederic-hainard-contre-lequel-courent-plusieurs-plaintes-penales-les-explications-de-jean-charles-legrix-president-de-la-commission-immunite-du-grand-conseil-ne
trop_long	https://www.rts.ch/play/tv/12h45/video/un-an-apres-la-recolte-record-pour-le-samedi-du-partage-la-banque-alimentaire-genevoise-espere-le-meme-elan-de-solidarite-ce-week-end--les-explications-de-marc-nobs-directeur-de-la-fondation-partage-/	chemin trop long (246 > 240): data/www.rts.ch/play/tv/12h45/video/un-an-apres-la-recolte-record-pour-le-samedi-du-partage-la-banque-alimentaire-genevoise-espere-le-meme-elan-de-solidarite-ce-week-end--les-explications-de-marc-nobs-directeur-de-la-fondation-partage-
trop_long	https://www.rts.ch/play/tv/19h30/video/a-sion-des-chercheurs-ont-reussi-a-produire-de-lelectricite-a-partir-des-microbes-presents-dans-les-eaux-usees-rectificatif-il-y-a-une-erreur-sur-nos-synthes-dans-le-reportage-les-identites-de-lingenieur-de-la-ville-de-sion-georges-joliat-2e-interlocuteur-et-du-professeur-fabien-fischer-3e-interlocuteur-ont-ete-inversees-nous-prions-les-personnes-concernees-ainsi-que-les-telespecateurstrices-de-nous-excuser-pour-cette-meprise/	chemin trop long (476 > 240): data/www.rts.ch/play/tv/19h30/video/a-sion-des-chercheurs-ont-reussi-a-produire-de-lelectricite-a-partir-des-microbes-presents-dans-les-eaux-usees-rectificatif-il-y-a-une-erreur-sur-nos-synthes-dans-le-reportage-les-identites-de-lingenieur-de-la-ville-de-sion-georges-joliat-2e-interlocuteur-et-du-professeur-fabien-fischer-3e-interlocuteur-ont-ete-inversees-nous-prions-les-personnes-concernees-ainsi-que-les-telespecateurstrices-de-nous-excuser-pour-cette-meprise
trop_long	https://www.rts.ch/play/tv/19h30/video/apres-les-mobilisations-qui-ont-eu-lieu-en-europe-la-colere-se-fait-egalement-ressentir-en-suisse--lunion-suisse-des-paysans-a-publie-lundi-une-serie-de-revendications-a-lattention-des-politiques/	chemin trop long (242 > 240): data/www.rts.ch/play/tv/19h30/video/apres-les-mobilisations-qui-ont-eu-lieu-en-europe-la-colere-se-fait-egalement-ressentir-en-suisse--lunion-suisse-des-paysans-a-publie-lundi-une-serie-de-revendications-a-lattention-des-politiques
trop_long	https://www.rts.ch/play/tv/19h30/video/critiquee-pour-sa-focalisation-sur-les-etats-africains-et-ses-punitions-exclusivement-dirigees-contre-les-plus-faibles-la-cour-penale-internationale-nhesite-desormais-plus-a-viser-les-grandes-puissances/	chemin trop long (249 > 240): data/www.rts.ch/play/tv/19h30/video/critiquee-pour-sa-focalisation-sur-les-etats-africains-et-ses-punitions-exclusivement-dirigees-contre-les-plus-faibles-la-cour-penale-internationale-nhesite-desormais-plus-a-viser-les-grandes-puissances
trop_long	https://www.rts.ch/play/tv/19h30/video/des-le-20-juin-langlais-sera-la-seule-langue-autorisee-dans-les-communications-radiotelephoniques-entre-les-pilotes-et-skyguide--500-pilotes-suisses-ne-matrisent-pas-bien-la-langue-de-shakespeare/	chemin trop long (242 > 240): data/www.rts.ch/play/tv/19h30/video/des-le-20-juin-langlais-sera-la-seule-langue-autorisee-dans-les-communications-radiotelephoniques-entre-les-pilotes-et-skyguide--500-pilotes-suisses-ne-matrisent-pas-bien-la-langue-de-shakespeare
trop_long	https://www.rts.ch/play/tv/19h30/video/interview-avec-cedric-wermuth-co-president-du-parti-socialiste-sur-les-six-candidats-du-parti-a-la-succession-dalain-berset-et-les-discussions-autour-de-lactuelle-formule-magique-du-conseil-federal/	chemin trop long (244 > 240): data/www.rts.ch/play/tv/19h30/video/interview-avec-cedric-wermuth-co-president-du-parti-socialiste-sur-les-six-candidats-du-parti-a-la-succession-dalain-berset-et-les-discussions-autour-de-lactuelle-formule-magique-du-conseil-federal
trop_long	https://www.rts.ch/play/tv/19h30/video/les-nouvelles-negociations-sur-laccord-cadre-avec-lunion-europeenne-suscitent-les-reactions-des-politiques-en-suisse--les-precisions-dandreas-schwab-eurodepute-et-president-de-la-delegation-suisse-ue/	chemin trop long (246 > 240): data/www.rts.ch/play/tv/19h30/video/les-nouvelles-negociations-sur-laccord-cadre-avec-lunion-europeenne-suscitent-les-reactions-des-politiques-en-suisse--les-precisions-dandreas-schwab-eurodepute-et-president-de-la-delegation-suisse-ue
trop_long	https://www.rts.ch/play/tv/19h30/video/les-super-physionomistes-sont-des-individus-capables-didentifier-instantanement-des-personnes-quils-ont-croisees-une-seule-fois-dans-leur-vie--un-talent-qui-interesse-la-police--reportage-a-saint-gall/	chemin trop long (247 > 240): data/www.rts.ch/play/tv/19h30/video/les-super-physionomistes-sont-des-individus-capables-didentifier-instantanement-des-personnes-quils-ont-croisees-une-seule-fois-dans-leur-vie--un-talent-qui-interesse-la-police--reportage-a-saint-gall
trop_long	https://www.rts.ch/play/tv/19h30/video/responsabilite-des-pouvoirs-publics-dans-la-chute-de-credit-suisse-le-conseiller-national-plr-olivier-feller-pointe-plutot-le-management-defaillant-de-la-banque-et-minimise-les-risques-pour-la-concurrence/	chemin trop long (251 > 240): data/www.rts.ch/play/tv/19h30/video/responsabilite-des-pouvoirs-publics-dans-la-chute-de-credit-suisse-le-conseiller-national-plr-olivier-feller-pointe-plutot-le-management-defaillant-de-la-banque-et-minimise-les-risques-pour-la-concurrence
trop_long	https://www.rts.ch/play/tv/19h30/video/suite-a-lenquete-du-journal-le-temps-parue-samedi-mettant-en-exergue-des-dysfonctionnements-patriarcaux-et-dordre-sexuel-au-sein-de-la-rts-environ-50-personnes-se-sont-rassemblees-lundi-apres-midi-au-pied-de-la-tour-a-geneve-/	chemin trop long (272 > 240): data/www.rts.ch/play/tv/19h30/video/suite-a-lenquete-du-journal-le-temps-parue-samedi-mettant-en-exergue-des-dysfonctionnements-patriarcaux-et-dordre-sexuel-au-sein-de-la-rts-environ-50-personnes-se-sont-rassemblees-lundi-apres-midi-au-pied-de-la-tour-a-geneve-
trop_long	https://www.rts.ch/play/tv/19h30/video/un-programme-informatique-mis-au-point-par-la-rts-permet-a-chaque-famille-de-calculer-combien-elle-economiserait-en-cas-dacceptation-de-la-reforme-des-deductions-fiscales-pour-les-enfants--deux-familles-romandes-se-sont-pretees-au-jeu-/	chemin trop long (282 > 240): data/www.rts.ch/play/tv/19h30/video/un-programme-informatique-mis-au-point-par-la-rts-permet-a-chaque-famille-de-calculer-combien-elle-economiserait-en-cas-dacceptation-de-la-reforme-des-deductions-fiscales-pour-les-enfants--deux-familles-romandes-se-sont-pretees-au-jeu-
trop_long	https://www.rts.ch/play/tv/a-bon-entendeur/video/entretien-avec-lela-roelli-fondatrice-du-site--en-vert-et-contre-tout--et-delphine-klopfenstein-broggini-co-secretaire-generale-des-verts-genevois-deputee-et-membre-du-comite-des-verts-suisses/	chemin trop long (249 > 240): data/www.rts.ch/play/tv/a-bon-entendeur/video/entretien-avec-lela-roelli-fondatrice-du-site--en-vert-et-contre-tout--et-delphine-klopfenstein-broggini-co-secretaire-generale-des-verts-genevois-deputee-et-membre-du-comite-des-verts-suisses
trop_long	https://www.rts.ch/play/tv/a-bon-entendeur/video/faut-il-inscrire-laction-collective-dans-la-loi-en-suisse-debat-avec-pascal-pichonnaz-doyen-faculte-de-droit-uni-fribourg-et-vice-president-de-la-commission-federale-de-la-consommation-bfc-zeynep-ersan-berdoz-redactrice-en-chef-bon-a-savoir-et-jamil-soussi-avocat/	chemin trop long (320 > 240): data/www.rts.ch/play/tv/a-bon-entendeur/video/faut-il-inscrire-laction-collective-dans-la-loi-en-suisse-debat-avec-pascal-pichonnaz-doyen-faculte-de-droit-uni-fribourg-et-vice-president-de-la-commission-federale-de-la-consommation-bfc-zeynep-ersan-berdoz-redactrice-en-chef-bon-a-savoir-et-jamil-soussi-avocat
trop_long	https://www.rts.ch/play/tv/a-bon-entendeur/video/faut-il-inscrire-laction-collective-dans-la-loi-en-suisse-debat-avec-pascal-pichonnaz-doyen-faculte-de-droit-uni-fribourg-et-vice-president-du-bureau-federal-de-la-consommation-bfc-zeynep-ersan-berdoz-redactrice-en-chef-bon-a-savoir-et-jamil-soussi-avocat/	chemin trop long (312 > 240): data/www.rts.ch/play/tv/a-bon-entendeur/video/faut-il-inscrire-laction-collective-dans-la-loi-en-suisse-debat-avec-pascal-pichonnaz-doyen-faculte-de-droit-uni-fribourg-et-vice-president-du-bureau-federal-de-la-consommation-bfc-zeynep-ersan-berdoz-redactrice-en-chef-bon-a-savoir-et-jamil-soussi-avocat
trop_long	https://www.rts.ch/play/tv/a-bon-entendeur/video/toutes-les-allegations-sante-ne-sont-pas-autorisees--reduction-active-du-cholesterol-est-ce-admis---les-arguments-marketing-de-la-margarine-decryptes-par-aline-clerc-federation-romande-des-consommateurs/	chemin trop long (259 > 240): data/www.rts.ch/play/tv/a-bon-entendeur/video/toutes-les-allegations-sante-ne-sont-pas-autorisees--reduction-active-du-cholesterol-est-ce-admis---les-arguments-marketing-de-la-margarine-decryptes-par-aline-clerc-federation-romande-des-consommateurs
trop_long	https://www.rts.ch/play/tv/a-bon-entendeur/video/une-justice-civile-ou-lon-perd-plus-que-ce-que-lon-gagne--le-point-avec-zeynep-ersan-berdoz-redactrice-en-chef-bon-a-savoir--et-pascal-pichonnaz-doyen-faculte-de-droit-uni-fribourg-et-vice-president-de-la-commission-federale-de-la-consommation-bfc/	chemin trop long (304 > 240): data/www.rts.ch/play/tv/a-bon-entendeur/video/une-justice-civile-ou-lon-perd-plus-que-ce-que-lon-gagne--le-point-avec-zeynep-ersan-berdoz-redactrice-en-chef-bon-a-savoir--et-pascal-pichonnaz-doyen-faculte-de-droit-uni-fribourg-et-vice-president-de-la-commission-federale-de-la-consommation-bfc
trop_long	https://www.rts.ch/play/tv/athletisme/video/athletisme--mondiaux-de-daegu-finale-110m-haies-messieurs--dayron-robles-simpose-en-1314-mais-se-voit-disqualifie-pour-avoir-ecarte-de-la-main-liu-xiang-sur-le-dernier-obstacle--richardson-herite-donc-de-la-medaille-dor-et-liu-xiang-termine-2e/	chemin trop long (295 > 240): data/www.rts.ch/play/tv/athletisme/video/athletisme--mondiaux-de-daegu-finale-110m-haies-messieurs--dayron-robles-simpose-en-1314-mais-se-voit-disqualifie-pour-avoir-ecarte-de-la-main-liu-xiang-sur-le-dernier-obstacle--richardson-herite-donc-de-la-medaille-dor-et-liu-xiang-termine-2e
trop_long	https://www.rts.ch/play/tv/automobilisme/video/37e-tour-sur-70-abandon-de-felipe-massa-williams--le-bresilien-etait-le-seul-pilote-a-avoir-marque-des-points-dans-chacun-des-6-gp-precedents-et-vettel-ferrari-leader-change-de-pneumatiques/	chemin trop long (244 > 240): data/www.rts.ch/play/tv/automobilisme/video/37e-tour-sur-70-abandon-de-felipe-massa-williams--le-bresilien-etait-le-seul-pilote-a-avoir-marque-des-points-dans-chacun-des-6-gp-precedents-et-vettel-ferrari-leader-change-de-pneumatiques
trop_long	https://www.rts.ch/play/tv/big-boss/video/daniel-bloch-patron-de-camille-bloch-evoque-lutilisation-des-noisettes-dans-son-chocolat-fourre-et-le-processus-de-production--il-souligne-limportance-de-la-tracabilite-du-cacao-et-des-noisettes/	chemin trop long (244 > 240): data/www.rts.ch/play/tv/big-boss/video/daniel-bloch-patron-de-camille-bloch-evoque-lutilisation-des-noisettes-dans-son-chocolat-fourre-et-le-processus-de-production--il-souligne-limportance-de-la-tracabilite-du-cacao-et-des-noisettes
trop_long	https://www.rts.ch/play/tv/big-boss/video/entretien-avec-jean-paul-clozel-directeur-general-de-la-societe-idorsia-specialisee-dans-le-developpement-de-medicaments-innovants--il-revient-sur-son-parcours-combattif-dans-lentrepreneuriat/	chemin trop long (241 > 240): data/www.rts.ch/play/tv/big-boss/video/entretien-avec-jean-paul-clozel-directeur-general-de-la-societe-idorsia-specialisee-dans-le-developpement-de-medicaments-innovants--il-revient-sur-son-parcours-combattif-dans-lentrepreneuriat
trop_long	https://www.rts.ch/play/tv/big-boss/video/focus-sur-le-decolletage-industrie-de-fabrication-de-pieces-metalliques-de-precision--tres-implante-dans-larc-jurassien-le-secteur-innove-constamment-pour-rester-a-la-pointe-de-la-microtechnique/	chemin trop long (244 > 240): data/www.rts.ch/play/tv/big-boss/video/focus-sur-le-decolletage-industrie-de-fabrication-de-pieces-metalliques-de-precision--tres-implante-dans-larc-jurassien-le-secteur-innove-constamment-pour-rester-a-la-pointe-de-la-microtechnique
trop_long	https://www.rts.ch/play/tv/big-boss/video/jean-paul-clozel-souhaite-ouvrir-lhorizon-therapeutique-contre-les-troubles-du-sommeil-grace-a-un-nouveau-somnifere-dont-il-aborde-la-recherche-et-les-proprietes-ainsi-que-lhomologation-dans-un-environnement-toujours-plus-reglemente-face-a-la-hausse-des-couts-de-la-sante/	chemin trop long (321 > 240): data/www.rts.ch/play/tv/big-boss/video/jean-paul-clozel-souhaite-ouvrir-lhorizon-therapeutique-contre-les-troubles-du-sommeil-grace-a-un-nouveau-somnifere-dont-il-aborde-la-recherche-et-les-proprietes-ainsi-que-lhomologation-dans-un-environnement-toujours-plus-reglemente-face-a-la-hausse-des-couts-de-la-sante
trop_long	https://www.rts.ch/play/tv/big-boss/video/le-phenomene-de-responsabilite-sociale-et-environnementale-des-entreprises-sest-accru--le-ceo-daudemars-piguet-parle-du-travail-fait-en-ce-sens-a-legard-des-collaborateurs-et-des-clients-et-confirme-sa-promesse-de-reverser-les-aides-covid-a-des-oeuvres-caritatives/	chemin trop long (314 > 240): data/www.rts.ch/play/tv/big-boss/video/le-phenomene-de-responsabilite-sociale-et-environnementale-des-entreprises-sest-accru--le-ceo-daudemars-piguet-parle-du-travail-fait-en-ce-sens-a-legard-des-collaborateurs-et-des-clients-et-confirme-sa-promesse-de-reverser-les-aides-covid-a-des-oeuvres-caritatives
trop_long	https://www.rts.ch/play/tv/couleurs-locales/video/a-villeret-dans-le-jura-bernois-une-entrepreneure-sest-lance-dans-un-marche-de-niche-qui-a-de-quoi-susciter-letonnement--elle-prepare-des-sachets-specialises-de-nourriture-pour-chiens-et-chats-a-base-de-produits-frais-tels-que-viande-pates-et-legumes-/	chemin trop long (309 > 240): data/www.rts.ch/play/tv/couleurs-locales/video/a-villeret-dans-le-jura-bernois-une-entrepreneure-sest-lance-dans-un-marche-de-niche-qui-a-de-quoi-susciter-letonnement--elle-prepare-des-sachets-specialises-de-nourriture-pour-chiens-et-chats-a-base-de-produits-frais-tels-que-viande-pates-et-legumes-
trop_long	https://www.rts.ch/play/tv/couleurs-locales/video/alcool-chez-les-jeunes-le-debat-entre-laurence-fehlmann-rielle-secretaire-generale-de-la-federation-genevoise-de-prevention-de-lalcoolisme-et-yves-guisan-conseiller-national-radicalvd-12/	chemin trop long (244 > 240): data/www.rts.ch/play/tv/couleurs-locales/video/alcool-chez-les-jeunes-le-debat-entre-laurence-fehlmann-rielle-secretaire-generale-de-la-federation-genevoise-de-prevention-de-lalcoolisme-et-yves-guisan-conseiller-national-radicalvd-12
trop_long	https://www.rts.ch/play/tv/couleurs-locales/video/colloque-sur-la-securite-informatique-a-lausanne-entretien-avec-david-olivier-jaquet-chiffelle-professeur-unil-ecole-dingenieurs-bienne-et-solange-ghernaouti-helie-professeur-hec-unil-22/	chemin trop long (244 > 240): data/www.rts.ch/play/tv/couleurs-locales/video/colloque-sur-la-securite-informatique-a-lausanne-entretien-avec-david-olivier-jaquet-chiffelle-professeur-unil-ecole-dingenieurs-bienne-et-solange-ghernaouti-helie-professeur-hec-unil-22
trop_long	https://www.rts.ch/play/tv/couleurs-locales/video/des-travaux-dabattage-se-deroulent-dans-le-val-de-ruz-pour-des-raisons-sanitaires-et-securitaires--entretien-avec-dominique-flueckiger-chef-de-loffice-de-lentretien-au-service-des-ponts-et-chaussees-de-neuchatel/	chemin trop long (269 > 240): data/www.rts.ch/play/tv/couleurs-locales/video/des-travaux-dabattage-se-deroulent-dans-le-val-de-ruz-pour-des-raisons-sanitaires-et-securitaires--entretien-avec-dominique-flueckiger-chef-de-loffice-de-lentretien-au-service-des-ponts-et-chaussees-de-neuchatel
trop_long	https://www.rts.ch/play/tv/couleurs-locales/video/fr--elections-debat-avec-solange-berset-presidente-du-parti-socialiste-emmanuel-waeber-president-du-parti-democrate-chretien-et-charly-haenni-president-du-parti-liberal-radical-en-direct-de-fribourg/	chemin trop long (256 > 240): data/www.rts.ch/play/tv/couleurs-locales/video/fr--elections-debat-avec-solange-berset-presidente-du-parti-socialiste-emmanuel-waeber-president-du-parti-democrate-chretien-et-charly-haenni-president-du-parti-liberal-radical-en-direct-de-fribourg
trop_long	https://www.rts.ch/play/tv/couleurs-locales/video/ge-la-vie-de-radio-zones-est-en-danger--son-emetteur-se-trouve-sur-une-propriete-qui-vient-detre-rachetee-par-un-depute-russe-tres-fortune-qui-ne-veut-pas-de-cette-antenne-sur-son-toit/	chemin trop long (242 > 240): data/www.rts.ch/play/tv/couleurs-locales/video/ge-la-vie-de-radio-zones-est-en-danger--son-emetteur-se-trouve-sur-une-propriete-qui-vient-detre-rachetee-par-un-depute-russe-tres-fortune-qui-ne-veut-pas-de-cette-antenne-sur-son-toit
trop_long	https://www.rts.ch/play/tv/couleurs-locales/video/gestion-des-risques-de-catastrophes-debat-avec-michel-jaboyedoff-specialiste-de-lanalyse-du-risque-a-luniversite-de-lausanne-en-direct-de-lausanne-et-albert-fournier-chef-du-service-valaisan-des-routes-et-des-cours-deaux-en-direct-de-sion-12/	chemin trop long (299 > 240): data/www.rts.ch/play/tv/couleurs-locales/video/gestion-des-risques-de-catastrophes-debat-avec-michel-jaboyedoff-specialiste-de-lanalyse-du-risque-a-luniversite-de-lausanne-en-direct-de-lausanne-et-albert-fournier-chef-du-service-valaisan-des-routes-et-des-cours-deaux-en-direct-de-sion-12
trop_long	https://www.rts.ch/play/tv/couleurs-locales/video/gestion-des-risques-de-catastrophes-debat-avec-michel-jaboyedoff-specialiste-de-lanalyse-du-risque-a-luniversite-de-lausanne-en-direct-de-lausanne-et-albert-fournier-chef-du-service-valaisan-des-routes-et-des-cours-deaux-en-direct-de-sion-22/	chemin trop long (299 > 240): data/www.rts.ch/play/tv/couleurs-locales/video/gestion-des-risques-de-catastrophes-debat-avec-michel-jaboyedoff-specialiste-de-lanalyse-du-risque-a-luniversite-de-lausanne-en-direct-de-lausanne-et-albert-fournier-chef-du-service-valaisan-des-routes-et-des-cours-deaux-en-direct-de-sion-22
trop_long	https://www.rts.ch/play/tv/couleurs-locales/video/interview-avec-clara-zemp-directrice-du-laboratoire-de-biologie-de-la-conservation-a-luniversite-de-neuchatel-a-propos-du-nouveau-programme-de-master-en-conservation-de-la-biodiversite/	chemin trop long (242 > 240): data/www.rts.ch/play/tv/couleurs-locales/video/interview-avec-clara-zemp-directrice-du-laboratoire-de-biologie-de-la-conservation-a-luniversite-de-neuchatel-a-propos-du-nouveau-programme-de-master-en-conservation-de-la-biodiversite
trop_long	https://www.rts.ch/play/tv/couleurs-locales/video/les-laurelles-une-espece-invasive-menacent-la-biodiversite--dans-la-commune-vaudoise-de-morges-on-sactive-pour-les-eradiquer--entretien-avec-guillaume-raymondon-ingenieur-territorial-de-la-region/	chemin trop long (253 > 240): data/www.rts.ch/play/tv/couleurs-locales/video/les-laurelles-une-espece-invasive-menacent-la-biodiversite--dans-la-commune-vaudoise-de-morges-on-sactive-pour-les-eradiquer--entretien-avec-guillaume-raymondon-ingenieur-territorial-de-la-region
trop_long	https://www.rts.ch/play/tv/cyclisme/video/4e-etape-saumur---limoges-2375-km--letape-la-plus-longue-du-tour-2016--markel-irizar-esp-et-olivier-naesen-bel-sont-rejoints-a-7-km-de-larrivee--lespagnol-aura-passe-212-km-en-tete-de-la-course/	chemin trop long (243 > 240): data/www.rts.ch/play/tv/cyclisme/video/4e-etape-saumur---limoges-2375-km--letape-la-plus-longue-du-tour-2016--markel-irizar-esp-et-olivier-naesen-bel-sont-rejoints-a-7-km-de-larrivee--lespagnol-aura-passe-212-km-en-tete-de-la-course
trop_long	https://www.rts.ch/play/tv/cyclisme/video/8e-etape-rennes---mur-de-bretagne-1815-km-passage-au-km-100-au-col-du-mont-bel-air-dun-quatuor-avec-205-davance-sur-le-peloton--romain-sicard-fra-devant-sylvain-chavanel-fra-pierre-luc-perichon-fra-et-bartosz-huzarski-polfra-pierre-luc-perichon-fra/	chemin trop long (298 > 240): data/www.rts.ch/play/tv/cyclisme/video/8e-etape-rennes---mur-de-bretagne-1815-km-passage-au-km-100-au-col-du-mont-bel-air-dun-quatuor-avec-205-davance-sur-le-peloton--romain-sicard-fra-devant-sylvain-chavanel-fra-pierre-luc-perichon-fra-et-bartosz-huzarski-polfra-pierre-luc-perichon-fra
trop_long	https://www.rts.ch/play/tv/cyclisme/video/prologue-a-baar-zg-64-km--les-actuels-leaders-du-prologue-contre-la-montre-du-tour-de-suisse-reto-hollenstein-sui3e-yves-lampaert-bel2e-et-wilco-kelderman-pb1er--kelderman-finira-10e-lampaert-11e-et-hollenstein-16e/	chemin trop long (264 > 240): data/www.rts.ch/play/tv/cyclisme/video/prologue-a-baar-zg-64-km--les-actuels-leaders-du-prologue-contre-la-montre-du-tour-de-suisse-reto-hollenstein-sui3e-yves-lampaert-bel2e-et-wilco-kelderman-pb1er--kelderman-finira-10e-lampaert-11e-et-hollenstein-16e
trop_long	https://www.rts.ch/play/tv/elections-federales/video/lanalyse-de-linda-bourget-sur-la-non-reelection-de-manfred-buehler-udcbe-au-national-cest-une-perte-a-la-fois-pour-la-partie-francophone-du-canton-et-pour-ludc-quil-incarnait-avec-force-en-suisse-romande-/	chemin trop long (265 > 240): data/www.rts.ch/play/tv/elections-federales/video/lanalyse-de-linda-bourget-sur-la-non-reelection-de-manfred-buehler-udcbe-au-national-cest-une-perte-a-la-fois-pour-la-partie-francophone-du-canton-et-pour-ludc-quil-incarnait-avec-force-en-suisse-romande-
trop_long	https://www.rts.ch/play/tv/elections-federales/video/lanalyse-de-linda-bourget-sur-la-non-reelection-de-manfred-buhler-udcbe-au-national-cest-une-perte-a-la-fois-pour-la-partie-francophone-du-canton-et-pour-ludc-quil-incarnait-avec-force-en-suisse-romande/	chemin trop long (263 > 240): data/www.rts.ch/play/tv/elections-federales/video/lanalyse-de-linda-bourget-sur-la-non-reelection-de-manfred-buhler-udcbe-au-national-cest-une-perte-a-la-fois-pour-la-partie-francophone-du-canton-et-pour-ludc-quil-incarnait-avec-force-en-suisse-romande
trop_long	https://www.rts.ch/play/tv/elections-federales/video/neuchatel-enorme-surprise-au-conseil-des-etats-la-verte-celine-vara-et-le-socialiste-baptiste-hurni-remportent-les-deux-sieges-neuchatelois-au-detriment-du-sortant-plr-philippe-bauer/	chemin trop long (243 > 240): data/www.rts.ch/play/tv/elections-federales/video/neuchatel-enorme-surprise-au-conseil-des-etats-la-verte-celine-vara-et-le-socialiste-baptiste-hurni-remportent-les-deux-sieges-neuchatelois-au-detriment-du-sortant-plr-philippe-bauer
trop_long	https://www.rts.ch/play/tv/elections/video/juerg-grossen-president-des-vertliberaux-commente-lavancee-et-le-positionnement-de-son-parti-nous-ferons-des-alliances-a-droite-ou-a-gauche-selon-les-themes-comme-lenvironnement-ou-laccord-cadre-affirme-t-il-pointant-un-renforcement-du-centre-de-lechiquier-politique-/	chemin trop long (318 > 240): data/www.rts.ch/play/tv/elections/video/juerg-grossen-president-des-vertliberaux-commente-lavancee-et-le-positionnement-de-son-parti-nous-ferons-des-alliances-a-droite-ou-a-gauche-selon-les-themes-comme-lenvironnement-ou-laccord-cadre-affirme-t-il-pointant-un-renforcement-du-centre-de-lechiquier-politique-
trop_long	https://www.rts.ch/play/tv/elections/video/lanalyse-de-linda-bourget-sur-la-non-reelection-de-manfred-buehler-udcbe-au-national-cest-une-perte-a-la-fois-pour-la-partie-francophone-du-canton-et-pour-ludc-quil-incarnait-avec-force-en-suisse-romande-/	chemin trop long (255 > 240): data/www.rts.ch/play/tv/elections/video/lanalyse-de-linda-bourget-sur-la-non-reelection-de-manfred-buehler-udcbe-au-national-cest-une-perte-a-la-fois-pour-la-partie-francophone-du-canton-et-pour-ludc-quil-incarnait-avec-force-en-suisse-romande-
trop_long	https://www.rts.ch/play/tv/emission-nationale/video/peut-on-etre-optimiste-concernant-le-changement-climatique--debat-avec-dominique-bourg-prof-a-la-faculte-des-geosciences-et-de-lenvironnement-de-lunil-et-sophie-swaton-matre-denseignement-et-de-recherche-faculte-des-geosciences-et-de-lenvironnement-unil/	chemin trop long (313 > 240): data/www.rts.ch/play/tv/emission-nationale/video/peut-on-etre-optimiste-concernant-le-changement-climatique--debat-avec-dominique-bourg-prof-a-la-faculte-des-geosciences-et-de-lenvironnement-de-lunil-et-sophie-swaton-matre-denseignement-et-de-recherche-faculte-des-geosciences-et-de-lenvironnement-unil
trop_long	https://www.rts.ch/play/tv/emission-speciale/video/pour-donald-trump-la-suisse-nexisterait-pas-sans-les-etats-unis-a-la-23e-seconde-il-y-a-une-petite-interruption-due-a-un-probleme-technique-mais-je-ne-savais-pas-que-leur-reussite-etait-due-a-nous/	chemin trop long (255 > 240): data/www.rts.ch/play/tv/emission-speciale/video/pour-donald-trump-la-suisse-nexisterait-pas-sans-les-etats-unis-a-la-23e-seconde-il-y-a-une-petite-interruption-due-a-un-probleme-technique-mais-je-ne-savais-pas-que-leur-reussite-etait-due-a-nous
trop_long	https://www.rts.ch/play/tv/foot-inter-europa-league/video/gr--b-3e-j--young-boys-apoel-nicosie-3-1--81e-minute-nouveau-penalty-pour-yb-faute-sur-sanogo-qui-penetrait-dans-les-16m--hoarau-veut-marquer-son-3e-but-et-le-franais-le-marque/	chemin trop long (242 > 240): data/www.rts.ch/play/tv/foot-inter-europa-league/video/gr--b-3e-j--young-boys-apoel-nicosie-3-1--81e-minute-nouveau-penalty-pour-yb-faute-sur-sanogo-qui-penetrait-dans-les-16m--hoarau-veut-marquer-son-3e-but-et-le-franais-le-marque
trop_long	https://www.rts.ch/play/tv/foot-inter-ligue-des-champions-uefa/video/football--ligue-des-champions-manchester-united---fc-bale--lautre-frei-fabian-ramene-le-score-a-1-2-face-aux-anglais-57e--frei-alex-cette-fois-egalise-meme-a-2-2-une-minute-plus-tard/	chemin trop long (259 > 240): data/www.rts.ch/play/tv/foot-inter-ligue-des-champions-uefa/video/football--ligue-des-champions-manchester-united---fc-bale--lautre-frei-fabian-ramene-le-score-a-1-2-face-aux-anglais-57e--frei-alex-cette-fois-egalise-meme-a-2-2-une-minute-plus-tard
trop_long	https://www.rts.ch/play/tv/foot/video/preparation-aux-eliminatoires-de-la-coupe-du-monde-2014-au-bresil--croatie-suisse-shaqiri-sert-le-3-1-a-gavranovic--le-centre-avant-de-lequipe-de-suisse-dorigine-croate-inscrit-son-premier-but-avec-la-suisse-51e1-3/	chemin trop long (260 > 240): data/www.rts.ch/play/tv/foot/video/preparation-aux-eliminatoires-de-la-coupe-du-monde-2014-au-bresil--croatie-suisse-shaqiri-sert-le-3-1-a-gavranovic--le-centre-avant-de-lequipe-de-suisse-dorigine-croate-inscrit-son-premier-but-avec-la-suisse-51e1-3
trop_long	https://www.rts.ch/play/tv/football/video/16e-j-fc-bale---grasshopper-4-0-alexandre-frei-se-demarque-a-nouveau-pour-receptionner-une-passe-de-stocker-dans-la-surface--le-hors-jeu-semble-etre-annule-avec-la-balle-de-passe-qui-touche-une-jambe-zurichoise-sur-son-passage-/	chemin trop long (277 > 240): data/www.rts.ch/play/tv/football/video/16e-j-fc-bale---grasshopper-4-0-alexandre-frei-se-demarque-a-nouveau-pour-receptionner-une-passe-de-stocker-dans-la-surface--le-hors-jeu-semble-etre-annule-avec-la-balle-de-passe-qui-touche-une-jambe-zurichoise-sur-son-passage-
trop_long	https://www.rts.ch/play/tv/hockey-sur-glace/video/-acte-v-geneve-servette---fribourg-gotteron-4-1-apres-consultation-de-la-video-les-arbitres-valident-le-but-qui-assure-definitivement-la-qualification-des-servettiens-pour-les-demi-finales/	chemin trop long (246 > 240): data/www.rts.ch/play/tv/hockey-sur-glace/video/-acte-v-geneve-servette---fribourg-gotteron-4-1-apres-consultation-de-la-video-les-arbitres-valident-le-but-qui-assure-definitivement-la-qualification-des-servettiens-pour-les-demi-finales
trop_long	https://www.rts.ch/play/tv/hockey-sur-glace/video/2e-demi-finale-etats-unis-russie-0-0--bob-mongrain-et-steve-roth-avec-les-occasions-principales--pas-de-but-malgre-la-pression-quexercent-demblee-les-russes--une-triplette-americaine-interessante-aussi/	chemin trop long (259 > 240): data/www.rts.ch/play/tv/hockey-sur-glace/video/2e-demi-finale-etats-unis-russie-0-0--bob-mongrain-et-steve-roth-avec-les-occasions-principales--pas-de-but-malgre-la-pression-quexercent-demblee-les-russes--une-triplette-americaine-interessante-aussi
trop_long	https://www.rts.ch/play/tv/info-en-videos/video/sequences-choisies-la-nouvelle-miss-suisse-se-nomme-kerstin-cook-une-lucernoise-de-21-ans-etudiante-en-biologie-et-mannequin--la-premiere-dauphine-est-la-genevoise-sabrina-guilloud--une-soiree-toute-en-paillettes-et-en-emotion-/	chemin trop long (283 > 240): data/www.rts.ch/play/tv/info-en-videos/video/sequences-choisies-la-nouvelle-miss-suisse-se-nomme-kerstin-cook-une-lucernoise-de-21-ans-etudiante-en-biologie-et-mannequin--la-premiere-dauphine-est-la-genevoise-sabrina-guilloud--une-soiree-toute-en-paillettes-et-en-emotion-
trop_long	https://www.rts.ch/play/tv/info-en-videos/video/sequences-choisies-le-lapsus-de-rachida-dati-sur-les-fonds-dinvestissements-etrangers--invitee-sur-le-plateau-de-canal-dimanche-lancienne-ministre-francaise-de-la-justice-rachida-dati-parle-de--fellation--au-lieu-d--inflation--un-lapsus-visionne-un-million-de-fois-sur-internet-depuis-/	chemin trop long (341 > 240): data/www.rts.ch/play/tv/info-en-videos/video/sequences-choisies-le-lapsus-de-rachida-dati-sur-les-fonds-dinvestissements-etrangers--invitee-sur-le-plateau-de-canal-dimanche-lancienne-ministre-francaise-de-la-justice-rachida-dati-parle-de--fellation--au-lieu-d--inflation--un-lapsus-visionne-un-million-de-fois-sur-internet-depuis-
trop_long	https://www.rts.ch/play/tv/infrarouge/video/alpha-drame-suisse-originaire-de-guinee-chercheur-en-etudes-de-developpement-nord-sud-influer-sur-le-reflux-de-la-migration-les-mesures-daide-au-retour-reaction-de-p--f--veillon-et-m--tellenbac/	chemin trop long (245 > 240): data/www.rts.ch/play/tv/infrarouge/video/alpha-drame-suisse-originaire-de-guinee-chercheur-en-etudes-de-developpement-nord-sud-influer-sur-le-reflux-de-la-migration-les-mesures-daide-au-retour-reaction-de-p--f--veillon-et-m--tellenbac
trop_long	https://www.rts.ch/play/tv/infrarouge/video/carlo-sommaruga-conseiller-national-ps-la-personne-qui-est-elue-ce-nest-pas-la-personne-qui-defend-les-interets-des-travailleurs-et-des-petites-gens-cest-un-multimillionnaire-qui-defend-le-capital-et-les-grands-interets/	chemin trop long (271 > 240): data/www.rts.ch/play/tv/infrarouge/video/carlo-sommaruga-conseiller-national-ps-la-personne-qui-est-elue-ce-nest-pas-la-personne-qui-defend-les-interets-des-travailleurs-et-des-petites-gens-cest-un-multimillionnaire-qui-defend-le-capital-et-les-grands-interets
trop_long	https://www.rts.ch/play/tv/infrarouge/video/ce-que-nous-craignons-aussi-cest-qua-lavenir-certains-assureurs-puissent-faire-le-reproche-aux-parents-davoir-mis-au-monde-un-enfant-handicape-car-souvent-personnes-handicapees--assurance-invalidite--couts-affirme-catherine-rouvenaz-secretaire-romande-de-lassociation-agile-ch/	chemin trop long (328 > 240): data/www.rts.ch/play/tv/infrarouge/video/ce-que-nous-craignons-aussi-cest-qua-lavenir-certains-assureurs-puissent-faire-le-reproche-aux-parents-davoir-mis-au-monde-un-enfant-handicape-car-souvent-personnes-handicapees--assurance-invalidite--couts-affirme-catherine-rouvenaz-secretaire-romande-de-lassociation-agile-ch
trop_long	https://www.rts.ch/play/tv/infrarouge/video/cesla-amarelle-conseillere-nationale-ps-vd-oui-il-y-a-la-responsabilite-individuelle-mais-il-y-a-aussi-toutes-les-incursions-des-banques-et-des-instituts-de-petits-credits-et-leur-agressivite/	chemin trop long (243 > 240): data/www.rts.ch/play/tv/infrarouge/video/cesla-amarelle-conseillere-nationale-ps-vd-oui-il-y-a-la-responsabilite-individuelle-mais-il-y-a-aussi-toutes-les-incursions-des-banques-et-des-instituts-de-petits-credits-et-leur-agressivite
trop_long	https://www.rts.ch/play/tv/infrarouge/video/christophe-clivaz-prof--institut-de-geographie-et-durabilite-unil-repond-a-eric-balet-les-etudes-montrent-que-meme-dans-les-stations-jusqua-2500-metres-daltitude-il-y-a-en-moyenne-25-de-moins-de-chute-de-neige-quil-y-a-40-ans-----et-dapres-les-scenarios-climatiques-la-possibilite-dexploiter-le-domaine-skiable-va-se-raccourcir/	chemin trop long (379 > 240): data/www.rts.ch/play/tv/infrarouge/video/christophe-clivaz-prof--institut-de-geographie-et-durabilite-unil-repond-a-eric-balet-les-etudes-montrent-que-meme-dans-les-stations-jusqua-2500-metres-daltitude-il-y-a-en-moyenne-25-de-moins-de-chute-de-neige-quil-y-a-40-ans-----et-dapres-les-scenarios-climatiques-la-possibilite-dexploiter-le-domaine-skiable-va-se-raccourcir
trop_long	https://www.rts.ch/play/tv/infrarouge/video/eric-balet-directeur-de-televerbier-defend-les-canons-a-neige-lenneigement-mecanique-cest-comme-lassurance-maladie-cest-une-assurance-de-pouvoir-mettre-un-produit-a-disposition-dune-clientele-qui-a-des-besoins/	chemin trop long (261 > 240): data/www.rts.ch/play/tv/infrarouge/video/eric-balet-directeur-de-televerbier-defend-les-canons-a-neige-lenneigement-mecanique-cest-comme-lassurance-maladie-cest-une-assurance-de-pouvoir-mettre-un-produit-a-disposition-dune-clientele-qui-a-des-besoins
trop_long	https://www.rts.ch/play/tv/infrarouge/video/eric-balet-directeur-de-televerbier-on-na-pas-limpression-davoir-moins-de-jours-de-neige-la-moyenne-denneigement-des-10-dernieres-annees-est-superieure-a-celle-des-2030-et-40-dernieres-annees/	chemin trop long (243 > 240): data/www.rts.ch/play/tv/infrarouge/video/eric-balet-directeur-de-televerbier-on-na-pas-limpression-davoir-moins-de-jours-de-neige-la-moyenne-denneigement-des-10-dernieres-annees-est-superieure-a-celle-des-2030-et-40-dernieres-annees
trop_long	https://www.rts.ch/play/tv/infrarouge/video/franois-cherix-auteur-de-qui-sauvera-la-suisse-du-populisme-ce-fameux-clivage-peuple-elite-ne-repose-sur-rien-cest-une-construction-car-le-peuple-nest-quune-somme-de-populations-----et-ces-categorisations-sont-le-carburant-du-populiste/	chemin trop long (287 > 240): data/www.rts.ch/play/tv/infrarouge/video/franois-cherix-auteur-de-qui-sauvera-la-suisse-du-populisme-ce-fameux-clivage-peuple-elite-ne-repose-sur-rien-cest-une-construction-car-le-peuple-nest-quune-somme-de-populations-----et-ces-categorisations-sont-le-carburant-du-populiste
trop_long	https://www.rts.ch/play/tv/infrarouge/video/gabriel-galice-president-de-linstitut-international-de-recherches-pour-la-paix-a-geneve-les-americains-ont-un-plan-qui-est-de-remodeler-le-moyen-orient-et-cest-un-projet-de-prise-du-pouvoir/	chemin trop long (241 > 240): data/www.rts.ch/play/tv/infrarouge/video/gabriel-galice-president-de-linstitut-international-de-recherches-pour-la-paix-a-geneve-les-americains-ont-un-plan-qui-est-de-remodeler-le-moyen-orient-et-cest-un-projet-de-prise-du-pouvoir
trop_long	https://www.rts.ch/play/tv/infrarouge/video/jean-daniel-clivaz-president-de-crans-montana-tourisme--congres-et-hotelier-hier-soir-dans-lemission-cest-tres-difficile-dimaginer-le-developpement-estival-car-on-est-confronte-a-des-oppositions-pour-developper-les-pistes-de-vtt/	chemin trop long (280 > 240): data/www.rts.ch/play/tv/infrarouge/video/jean-daniel-clivaz-president-de-crans-montana-tourisme--congres-et-hotelier-hier-soir-dans-lemission-cest-tres-difficile-dimaginer-le-developpement-estival-car-on-est-confronte-a-des-oppositions-pour-developper-les-pistes-de-vtt
trop_long	https://www.rts.ch/play/tv/infrarouge/video/jean-daniel-clivaz-president-de-crans-montana-tourisme--congres-et-hotelier-nous-avons-perdu-la-moitie-des-hotels-a-crans-montana-pas-parce-quils-sont-partis-en-faillite-mais-parce-quils-ont-ete-transformes-en-residences-secondaires/	chemin trop long (284 > 240): data/www.rts.ch/play/tv/infrarouge/video/jean-daniel-clivaz-president-de-crans-montana-tourisme--congres-et-hotelier-nous-avons-perdu-la-moitie-des-hotels-a-crans-montana-pas-parce-quils-sont-partis-en-faillite-mais-parce-quils-ont-ete-transformes-en-residences-secondaires
trop_long	https://www.rts.ch/play/tv/infrarouge/video/jean-ziegler-pense-que-la-solution-pour-la-paix-en-syrie-est-la-reforme-de-lonu--il-nest-pas-possible-que-les-cinq-vainqueurs-de-la-deuxieme-guerre-mondiale-puissent-paralyser-par-leur-veto-nimporte-quelle-decision/	chemin trop long (266 > 240): data/www.rts.ch/play/tv/infrarouge/video/jean-ziegler-pense-que-la-solution-pour-la-paix-en-syrie-est-la-reforme-de-lonu--il-nest-pas-possible-que-les-cinq-vainqueurs-de-la-deuxieme-guerre-mondiale-puissent-paralyser-par-leur-veto-nimporte-quelle-decision
trop_long	https://www.rts.ch/play/tv/infrarouge/video/michel-bongard-secretaire-executif-de-pro-natura-vaud-est-contre-les-canons-a-neige-assurer-un-enneigement-artificiel-se-fait-au-detriment-de-la-nature-----ne-doit-on-pas-reorienter-les-offres-des-stations-de-ski/	chemin trop long (264 > 240): data/www.rts.ch/play/tv/infrarouge/video/michel-bongard-secretaire-executif-de-pro-natura-vaud-est-contre-les-canons-a-neige-assurer-un-enneigement-artificiel-se-fait-au-detriment-de-la-nature-----ne-doit-on-pas-reorienter-les-offres-des-stations-de-ski
trop_long	https://www.rts.ch/play/tv/infrarouge/video/olivier-perez-kennedy-de-lagence-de-communication-enigma-explique-comment-il-avait-predit-lelection-de-donald-trump--selon-lui-les-sondages-sont-dates-et-sur-les-reseaux-sociaux-nous-sommes-enfermes-dans-des-bulles-de-filtres/	chemin trop long (277 > 240): data/www.rts.ch/play/tv/infrarouge/video/olivier-perez-kennedy-de-lagence-de-communication-enigma-explique-comment-il-avait-predit-lelection-de-donald-trump--selon-lui-les-sondages-sont-dates-et-sur-les-reseaux-sociaux-nous-sommes-enfermes-dans-des-bulles-de-filtres
trop_long	https://www.rts.ch/play/tv/infrarouge/video/pierre-pfefferle-directeur-du-service-des-sports-epfl-les-jeunes-se-desinteressent-des-sports-de-neige-aujourdhui-a-cause-notamment-de-lindividualisation-de-la-societe-mais-aussi-la-multitude-dactivites-a-disposition/	chemin trop long (268 > 240): data/www.rts.ch/play/tv/infrarouge/video/pierre-pfefferle-directeur-du-service-des-sports-epfl-les-jeunes-se-desinteressent-des-sports-de-neige-aujourdhui-a-cause-notamment-de-lindividualisation-de-la-societe-mais-aussi-la-multitude-dactivites-a-disposition
trop_long	https://www.rts.ch/play/tv/infrarouge/video/yves-beck-on-vit-dans-une-societe-beaucoup-plus-individualiste-pour-le-meilleur-et-pour-le-pire-----nous-avons-beaucoup-de-personnes-qui-avant-de-faire-appel-a-nous-nous-montrent-les-preparatifs-quelles-avaient-elabores-pour-se-suicider/	chemin trop long (288 > 240): data/www.rts.ch/play/tv/infrarouge/video/yves-beck-on-vit-dans-une-societe-beaucoup-plus-individualiste-pour-le-meilleur-et-pour-le-pire-----nous-avons-beaucoup-de-personnes-qui-avant-de-faire-appel-a-nous-nous-montrent-les-preparatifs-quelles-avaient-elabores-pour-se-suicider
trop_long	https://www.rts.ch/play/tv/journee-votations/video/alors-que-le-non-a-linitiative-pour-une-suisse-sans-pesticide-se-dessine-reactions-danne-challandes-presidente-de-lunion-suisse-des-paysannes-et-femmes-rurales-et-de-fernand-cuche-agriculteur-et-ancien-conseiller-national-vert-/	chemin trop long (286 > 240): data/www.rts.ch/play/tv/journee-votations/video/alors-que-le-non-a-linitiative-pour-une-suisse-sans-pesticide-se-dessine-reactions-danne-challandes-presidente-de-lunion-suisse-des-paysannes-et-femmes-rurales-et-de-fernand-cuche-agriculteur-et-ancien-conseiller-national-vert-
trop_long	https://www.rts.ch/play/tv/journee-votations/video/patrick-eperon-delegue-campagnes-politiques-pour-le-centre-patronal--nous-etions-tout-seuls-au-depart-cest-une-claque-pour-lestablishment-politique-economique-et-mediatique-de-ce-pays-quel-que-soit-le-resultat/	chemin trop long (268 > 240): data/www.rts.ch/play/tv/journee-votations/video/patrick-eperon-delegue-campagnes-politiques-pour-le-centre-patronal--nous-etions-tout-seuls-au-depart-cest-une-claque-pour-lestablishment-politique-economique-et-mediatique-de-ce-pays-quel-que-soit-le-resultat
trop_long	https://www.rts.ch/play/tv/journee-votations/video/werner-boxler-copresident-des-amis-de-la-constitution--ce-combat-nous-aura-servi-a-creer-un-mouvement-citoyen-et-apolitique-qui-represente-toute-la-population-qui-se-pose-des-questions/	chemin trop long (243 > 240): data/www.rts.ch/play/tv/journee-votations/video/werner-boxler-copresident-des-amis-de-la-constitution--ce-combat-nous-aura-servi-a-creer-un-mouvement-citoyen-et-apolitique-qui-represente-toute-la-population-qui-se-pose-des-questions
trop_long	https://www.rts.ch/play/tv/journee-votations/video/yves-nidegger-udcge--on-a-eu-limpression-fausse-quapres-avoir-gagne-quelques-sieges-les-verts-avaient-une-sorte-de-pouvoir-important-alors-quils-restent-une-petite-faction-qui-ne-peut-pas-faire-la-pluie-et-le-beau-temps/	chemin trop long (278 > 240): data/www.rts.ch/play/tv/journee-votations/video/yves-nidegger-udcge--on-a-eu-limpression-fausse-quapres-avoir-gagne-quelques-sieges-les-verts-avaient-une-sorte-de-pouvoir-important-alors-quils-restent-une-petite-faction-qui-ne-peut-pas-faire-la-pluie-et-le-beau-temps
trop_long	https://www.rts.ch/play/tv/lactu-en-video/video/linterview-de-mathias-reynard-a-lorigine-de-linitiative-parlementaire-pour-lutter-contre-les-discriminations-basees-sur-lorientation-sexuelle-et-marc-frueh-membre-du-comite-referendaire/	chemin trop long (241 > 240): data/www.rts.ch/play/tv/lactu-en-video/video/linterview-de-mathias-reynard-a-lorigine-de-linitiative-parlementaire-pour-lutter-contre-les-discriminations-basees-sur-lorientation-sexuelle-et-marc-frueh-membre-du-comite-referendaire
trop_long	https://www.rts.ch/play/tv/lactu-en-video/video/solar-impulse-a-franchi-une-nouvelle-etape--parti-de-payerne-dans-des-conditions-meteo-optimales-il-sest-pose-a-laeroport-de-geneve-premier-atterrissage-sur-une-piste-civile--sequences-choisies-/	chemin trop long (250 > 240): data/www.rts.ch/play/tv/lactu-en-video/video/solar-impulse-a-franchi-une-nouvelle-etape--parti-de-payerne-dans-des-conditions-meteo-optimales-il-sest-pose-a-laeroport-de-geneve-premier-atterrissage-sur-une-piste-civile--sequences-choisies-
trop_long	https://www.rts.ch/play/tv/lactu-en-video/video/trajectoires-de-la-voie-lactee-et-dandromede-ainsi-que-celles-du-lmc-et-de-m33-dans-50-simulations--les-cercles-indiquent-les-positions-finales-de-la-voie-lactee-et-dandromede-apres-10-milliards-dannees-ou-a-lendroit-ou-une-fusion-a-eu-lieu--le-panneau-de-gauche-montre-une-projection-de-face-le-panneau-de-droite-une-projection-de-bord-par-rapport-au-plan-dune-orbite-hypothetique-a-deux-corps-de-la-voie-lactee-et-dandromede-till-sawalauniversity-of-helsinki-/	chemin trop long (517 > 240): data/www.rts.ch/play/tv/lactu-en-video/video/trajectoires-de-la-voie-lactee-et-dandromede-ainsi-que-celles-du-lmc-et-de-m33-dans-50-simulations--les-cercles-indiquent-les-positions-finales-de-la-voie-lactee-et-dandromede-apres-10-milliards-dannees-ou-a-lendroit-ou-une-fusion-a-eu-lieu--le-panneau-de-gauche-montre-une-projection-de-face-le-panneau-de-droite-une-projection-de-bord-par-rapport-au-plan-dune-orbite-hypothetique-a-deux-corps-de-la-voie-lactee-et-dandromede-till-sawalauniversity-of-helsinki-
trop_long	https://www.rts.ch/play/tv/lactu-en-video/video/voyage-de-la-voie-lactee-a-la-nebuleuse-de-la-tarentule-esodigitized-sky-survey-2n--risinger-skysurvey-orgr--gendler-esom--r--cionivista-magellanic-cloud-survey--cambridge-astronomical-survey-unit--music-john-dyson/	chemin trop long (270 > 240): data/www.rts.ch/play/tv/lactu-en-video/video/voyage-de-la-voie-lactee-a-la-nebuleuse-de-la-tarentule-esodigitized-sky-survey-2n--risinger-skysurvey-orgr--gendler-esom--r--cionivista-magellanic-cloud-survey--cambridge-astronomical-survey-unit--music-john-dyson
trop_long	https://www.rts.ch/play/tv/le-journal-du-dimanche/video/drame-sur-la-mythique-course-sainte-ursanne-les-rangiers-ju-le-pilote-francais-lionel-regal-favori-de-lepreuve-et-quintuple-laureat-sest-tue-lors-de-la-premiere-manche-de-lepreuve/	chemin trop long (243 > 240): data/www.rts.ch/play/tv/le-journal-du-dimanche/video/drame-sur-la-mythique-course-sainte-ursanne-les-rangiers-ju-le-pilote-francais-lionel-regal-favori-de-lepreuve-et-quintuple-laureat-sest-tue-lors-de-la-premiere-manche-de-lepreuve
trop_long	https://www.rts.ch/play/tv/le-journal-du-dimanche/video/le-professeur-philippe-gugler-lun-des-vice-recteurs-de-luniversite-de-fribourg-aurait-copie-des-passages-entiers-darticles-parus-notamment-dans-le-monde-pour-alimenter-ses-chroniques-dans-la-liberte/	chemin trop long (262 > 240): data/www.rts.ch/play/tv/le-journal-du-dimanche/video/le-professeur-philippe-gugler-lun-des-vice-recteurs-de-luniversite-de-fribourg-aurait-copie-des-passages-entiers-darticles-parus-notamment-dans-le-monde-pour-alimenter-ses-chroniques-dans-la-liberte
trop_long	https://www.rts.ch/play/tv/mise-au-point/video/144--casque-ou-pas-casque-marco-chiesa-nouveau-president-de-ludcqui-veut-la-peau-du-lynxinterview-daurore-estoppey-chasseresse-et-membre-du-comite-de-soutien-a-la-lchpquand-les-glaciers-tombent/	chemin trop long (248 > 240): data/www.rts.ch/play/tv/mise-au-point/video/144--casque-ou-pas-casque-marco-chiesa-nouveau-president-de-ludcqui-veut-la-peau-du-lynxinterview-daurore-estoppey-chasseresse-et-membre-du-comite-de-soutien-a-la-lchpquand-les-glaciers-tombent
trop_long	https://www.rts.ch/play/tv/mise-au-point/video/144-drole-dinitiativele-trop-grand-succes-du-service-civilnounous-etrangeresinterview-cyril-dion-auteur-realisateur-demainportraits-de-grevistes-pour-le-climatsuite-interview-cyril-dion-auteur-realisateur-demain/	chemin trop long (266 > 240): data/www.rts.ch/play/tv/mise-au-point/video/144-drole-dinitiativele-trop-grand-succes-du-service-civilnounous-etrangeresinterview-cyril-dion-auteur-realisateur-demainportraits-de-grevistes-pour-le-climatsuite-interview-cyril-dion-auteur-realisateur-demain
trop_long	https://www.rts.ch/play/tv/mise-au-point/video/le-salon-de-lauto-face-aux-manifestations-sur-le-climatinterview-tv-inedite--frederick-paulsen-sort-de-son-silence25-ans-et-pas-de-formation--les-romands-les-plus-touchesla-bataille-des-femmes-pour-le-droit-a-lorgasme/	chemin trop long (272 > 240): data/www.rts.ch/play/tv/mise-au-point/video/le-salon-de-lauto-face-aux-manifestations-sur-le-climatinterview-tv-inedite--frederick-paulsen-sort-de-son-silence25-ans-et-pas-de-formation--les-romands-les-plus-touchesla-bataille-des-femmes-pour-le-droit-a-lorgasme
trop_long	https://www.rts.ch/play/tv/mise-au-point/video/mise-au-point--lancement-dune-brique-de-lait-equitableinterview-randonee-avec-regula-rytz-president-des-vertsdes-solutions-pour-contenir-les-couts-de-la-santeune-feministe-saoudienne-enfermee-depuis-18-mois/	chemin trop long (261 > 240): data/www.rts.ch/play/tv/mise-au-point/video/mise-au-point--lancement-dune-brique-de-lait-equitableinterview-randonee-avec-regula-rytz-president-des-vertsdes-solutions-pour-contenir-les-couts-de-la-santeune-feministe-saoudienne-enfermee-depuis-18-mois
trop_long	https://www.rts.ch/play/tv/mise-au-point/video/mise-au-point--psychose-a-yverdon-apres-une-serie-dagressionscassis-un-conseiller-federal-tres-critiqueappel-a-renforcer-la-securite-apres-lattaque-des-transporteurs-de-fondsles-femmes-se-font-leur-place-chez-les-pompiers/	chemin trop long (276 > 240): data/www.rts.ch/play/tv/mise-au-point/video/mise-au-point--psychose-a-yverdon-apres-une-serie-dagressionscassis-un-conseiller-federal-tres-critiqueappel-a-renforcer-la-securite-apres-lattaque-des-transporteurs-de-fondsles-femmes-se-font-leur-place-chez-les-pompiers
trop_long	https://www.rts.ch/play/tv/mise-au-point/video/mise-au-point-special-kosovo--20-ans-apres-la-guerre--que-sont-ils-devenus-la-communaute-kosovare-en-suisse-romandebernard-chalandes-selectionneur-de-lequipe-nationale-du-kosovode-videur-de-boite-de-nuit-a-leysin-a-1er-ministre/	chemin trop long (282 > 240): data/www.rts.ch/play/tv/mise-au-point/video/mise-au-point-special-kosovo--20-ans-apres-la-guerre--que-sont-ils-devenus-la-communaute-kosovare-en-suisse-romandebernard-chalandes-selectionneur-de-lequipe-nationale-du-kosovode-videur-de-boite-de-nuit-a-leysin-a-1er-ministre
trop_long	https://www.rts.ch/play/tv/mise-au-point/video/un-pasteur-du-locle-devant-la-justice-pour-avoir-heberge-un-migrant-les-autorites-serrent-la-vis-aux-amateurs-de-poissons-daquariumdangers-de-la-5g--gel-des-nouvelles-autorisations-pour-vaud-et-genevecomment-je-suis-devenu-millionnaire-en-un-an/	chemin trop long (299 > 240): data/www.rts.ch/play/tv/mise-au-point/video/un-pasteur-du-locle-devant-la-justice-pour-avoir-heberge-un-migrant-les-autorites-serrent-la-vis-aux-amateurs-de-poissons-daquariumdangers-de-la-5g--gel-des-nouvelles-autorisations-pour-vaud-et-genevecomment-je-suis-devenu-millionnaire-en-un-an
trop_long	https://www.rts.ch/play/tv/passe-present/video/frontaliers-suisses-et-francais-se-retrouvent-au-coude-a-coude-pour-defendre-les-memes-droits-des-droits-acquis-apres-plusieurs-difficultes--petit-retour-dans-le-passe-avec-pierre-bavaud-/	chemin trop long (242 > 240): data/www.rts.ch/play/tv/passe-present/video/frontaliers-suisses-et-francais-se-retrouvent-au-coude-a-coude-pour-defendre-les-memes-droits-des-droits-acquis-apres-plusieurs-difficultes--petit-retour-dans-le-passe-avec-pierre-bavaud-
trop_long	https://www.rts.ch/play/tv/passe-present/video/la-grande-claque-neuchateloise-au-plr-est-la-derniere-dune-longue-serie-qui-dure-meme-depuis-un-quart-de-siecles-pour-les-radicaux--passe-present-remonte-aux-debuts-de-cette-longue-erosion-/	chemin trop long (244 > 240): data/www.rts.ch/play/tv/passe-present/video/la-grande-claque-neuchateloise-au-plr-est-la-derniere-dune-longue-serie-qui-dure-meme-depuis-un-quart-de-siecles-pour-les-radicaux--passe-present-remonte-aux-debuts-de-cette-longue-erosion-
trop_long	https://www.rts.ch/play/tv/passe-present/video/passe-present--le-1er-mariage-homosexuel-a-eu-lieu-cette-semaine-en-france-on-constate-la-bas-comme-chez-nous-que-malgre-la-farouche-resistance-de-certains-les-mentalites-ont-change-du-tout-au-tout-depuis-les-annees-70-/	chemin trop long (274 > 240): data/www.rts.ch/play/tv/passe-present/video/passe-present--le-1er-mariage-homosexuel-a-eu-lieu-cette-semaine-en-france-on-constate-la-bas-comme-chez-nous-que-malgre-la-farouche-resistance-de-certains-les-mentalites-ont-change-du-tout-au-tout-depuis-les-annees-70-
trop_long	https://www.rts.ch/play/tv/passe-present/video/passe-present-le-successeur-de-benoit-xvi-sera-t-il-conservateur-ou-progressiste--europeen-americain-ou-meme-africainles-pronostics-vont-bon-train-mais-attention-un-pape-peut-en-cacher-un-autre-nous-rappelle-pierre-bavaud-deux-jours-avant-le-conclave-qui-designera-le-266eme-pape-/	chemin trop long (335 > 240): data/www.rts.ch/play/tv/passe-present/video/passe-present-le-successeur-de-benoit-xvi-sera-t-il-conservateur-ou-progressiste--europeen-americain-ou-meme-africainles-pronostics-vont-bon-train-mais-attention-un-pape-peut-en-cacher-un-autre-nous-rappelle-pierre-bavaud-deux-jours-avant-le-conclave-qui-designera-le-266eme-pape-
trop_long	https://www.rts.ch/play/tv/ski-alpin/video/coupe-du-monde-schladmingaut--geant-1re-manche-lamericaine-lindsey-vonn-vise-le-record-du-nombre-de-points-pour-un-vainqueur-de-la-coupe-du-monde-2000-pointshermann-maier--mais-elle-rate-sa-manche-et-perd-pres-de-3-secondes/	chemin trop long (274 > 240): data/www.rts.ch/play/tv/ski-alpin/video/coupe-du-monde-schladmingaut--geant-1re-manche-lamericaine-lindsey-vonn-vise-le-record-du-nombre-de-points-pour-un-vainqueur-de-la-coupe-du-monde-2000-pointshermann-maier--mais-elle-rate-sa-manche-et-perd-pres-de-3-secondes
trop_long	https://www.rts.ch/play/tv/ski-alpin/video/coupe-du-monde-schladmingaut--geant-1re-manche-lara-gut-sui-12e-sur----12-finalement19e--decidement-une-saison-a-oublier-pour-la-tessinoise--encore-que-14e-elle-soit-la-meilleure-susssesse-en-coupe-du-monde---/	chemin trop long (260 > 240): data/www.rts.ch/play/tv/ski-alpin/video/coupe-du-monde-schladmingaut--geant-1re-manche-lara-gut-sui-12e-sur----12-finalement19e--decidement-une-saison-a-oublier-pour-la-tessinoise--encore-que-14e-elle-soit-la-meilleure-susssesse-en-coupe-du-monde---
trop_long	https://www.rts.ch/play/tv/ski-alpin/video/ski-alpin--descente-de-st-moritz-tina-maze-sln-signe-le-2e-chrono-avec-le-dossard-18--avec-le-19-lara-gut-sui-est-encore-une-fois-decevante-13e-sur-19--puis-lindsey-vonn-usa20-en-demonstration-elle/	chemin trop long (248 > 240): data/www.rts.ch/play/tv/ski-alpin/video/ski-alpin--descente-de-st-moritz-tina-maze-sln-signe-le-2e-chrono-avec-le-dossard-18--avec-le-19-lara-gut-sui-est-encore-une-fois-decevante-13e-sur-19--puis-lindsey-vonn-usa20-en-demonstration-elle
trop_long	https://www.rts.ch/play/tv/sport-dimanche/video/footballreprise-du-championnat-de-super-league-les-valaisans-du-fc-sion-et-leur-nouvelle-recrue-phare-litalien-gennaro-gattuso-comptent-bien-jouer-les-premiers-roles-durant-cette-saison-2012-2013/	chemin trop long (251 > 240): data/www.rts.ch/play/tv/sport-dimanche/video/footballreprise-du-championnat-de-super-league-les-valaisans-du-fc-sion-et-leur-nouvelle-recrue-phare-litalien-gennaro-gattuso-comptent-bien-jouer-les-premiers-roles-durant-cette-saison-2012-2013
trop_long	https://www.rts.ch/play/tv/t-t-c--toutes-taxes-comprises/video/le-marche-des-livreurs-de-repas-est-dans-le-collimateur-de-la-postcom-qui-saisit-la-justice-pour-quils-soient-proteges--dans-lemission-du-23-novembre-nous-parlions-du-marche-de-la-livraison-de-repas--apres-la-diffusion-de-notre-sujet-la-societe-smood-nous-precise-que-ses-livreurs-ont-le-statut-demployes-et-que-leurs-salaires-sont-declares-aux-assurances-sociales-/	chemin trop long (436 > 240): data/www.rts.ch/play/tv/t-t-c--toutes-taxes-comprises/video/le-marche-des-livreurs-de-repas-est-dans-le-collimateur-de-la-postcom-qui-saisit-la-justice-pour-quils-soient-proteges--dans-lemission-du-23-novembre-nous-parlions-du-marche-de-la-livraison-de-repas--apres-la-diffusion-de-notre-sujet-la-societe-smood-nous-precise-que-ses-livreurs-ont-le-statut-demployes-et-que-leurs-salaires-sont-declares-aux-assurances-sociales-
trop_long	https://www.rts.ch/play/tv/tennis-open-daustralie/video/12-finale-messieurs-novak-djokovic-srb-roger-federer-sui-6-1-6-2-djokovic-continue-sur-sa-lancee-et-donne-une-leon-de-tennis-a-son-adversaire-federer-doit-se-ressaisir-maintenant-pour-tenter-de-renverser-la-tendance-/	chemin trop long (280 > 240): data/www.rts.ch/play/tv/tennis-open-daustralie/video/12-finale-messieurs-novak-djokovic-srb-roger-federer-sui-6-1-6-2-djokovic-continue-sur-sa-lancee-et-donne-une-leon-de-tennis-a-son-adversaire-federer-doit-se-ressaisir-maintenant-pour-tenter-de-renverser-la-tendance-
trop_long	https://www.rts.ch/play/tv/tennis/video/12-double-mixte--hingispaes-sui-ind--hlavackovaroger-vasselin-cze-fra-6-3-3-6-10-7--hingis-et-paes-sont-en-finale--martina-hingis-y-affrontera-son-habituelle-partenaire-de-double-dames-sania-mirza/	chemin trop long (244 > 240): data/www.rts.ch/play/tv/tennis/video/12-double-mixte--hingispaes-sui-ind--hlavackovaroger-vasselin-cze-fra-6-3-3-6-10-7--hingis-et-paes-sont-en-finale--martina-hingis-y-affrontera-son-habituelle-partenaire-de-double-dames-sania-mirza
trop_long	https://www.rts.ch/play/tv/tennis/video/double-dames---caroline-garciakristina-mladenovic-fra1---martina-hingiscoco-vandeweghe-sui-usa6-6-3-6-4--a-limage-du-match-deux-fautes-de-la-modeste-americaine-mettent-fin-aux-espoirs-de-hingis/	chemin trop long (241 > 240): data/www.rts.ch/play/tv/tennis/video/double-dames---caroline-garciakristina-mladenovic-fra1---martina-hingiscoco-vandeweghe-sui-usa6-6-3-6-4--a-limage-du-match-deux-fautes-de-la-modeste-americaine-mettent-fin-aux-espoirs-de-hingis
trop_long	https://www.rts.ch/play/tv/tennis/video/finale-double-dames--martina-hingis-suisania-mirza-ind1-casey-dellacqua-ausyaroslava-shvedova-kaz4-6-3-6-3--finale-double-dames--hingismirza-1-dellacquashvedova-4--6-3-6-3--de-30-40-a-la-victoire-finale-le-2e-titre-de-grand-chelem-de-la-paire-le-20e-de-martina-hingis/	chemin trop long (315 > 240): data/www.rts.ch/play/tv/tennis/video/finale-double-dames--martina-hingis-suisania-mirza-ind1-casey-dellacqua-ausyaroslava-shvedova-kaz4-6-3-6-3--finale-double-dames--hingismirza-1-dellacquashvedova-4--6-3-6-3--de-30-40-a-la-victoire-finale-le-2e-titre-de-grand-chelem-de-la-paire-le-20e-de-martina-hingis
